feature,shared_shift,class_shift_std,absolute_shared_shift
log_iat_p50,-0.1624029774190875,1.093309707421964,0.1624029774190875
log_iat_p90,-0.1262372041035074,1.0379623619160272,0.1262372041035074
log_duration,-0.0907884465572222,0.9610457240099812,0.0907884465572222
log_max_burst_length,0.20345631005433423,0.2744183309318815,0.20345631005433423
log_mean_burst_length,-0.11575778260769105,0.3471702656789461,0.11575778260769105
direction_switch_rate,0.12389509814320898,0.3136918029341764,0.12389509814320898
log_burst_count,0.10841092752113311,0.31791783422433156,0.10841092752113311
log_iat_mean,-0.049272382030229205,0.37493669158475623,0.049272382030229205
log_packet_count,0.04060611287318545,0.36870965326591676,0.04060611287318545
log_negative_count,0.028344384999224523,0.3752130575160618,0.028344384999224523
log_iat_p99,-0.018674205085117256,0.3844387304856289,0.018674205085117256
log_positive_count,0.08986658770194608,0.2986211826964215,0.08986658770194608
positive_ratio,0.06768156534006817,0.3107702873490897,0.06768156534006817
log_iat_std,-0.022327112209253732,0.31664934528500155,0.022327112209253732
early_500_positive_ratio,0.002283513282615999,0.2615816494124937,0.002283513282615999
early_100_positive_ratio,0.021526129835184874,0.15986965573217446,0.021526129835184874
zero_iat_ratio,-0.05197742946767095,0.12905359438637676,0.05197742946767095
