class,before_n,after_n,shift_magnitude,cosine_to_shared,local_residual_magnitude
79,222,199,7.092011671450845,-0.45826249182663775,7.280210109713509
57,225,195,6.605176648661194,-0.15083003128407568,6.675649448085262
94,229,196,5.749889311011521,0.4944149165579257,5.5663258179458435
39,225,141,5.614779578795565,-0.14789491492997056,5.686080119060234
9,231,85,5.552290358048873,0.5467100485083879,5.34784722950054
50,222,198,5.465910351349818,-0.47242202062356536,5.661879637550239
45,236,196,5.022052910113913,0.3700325224639336,4.890447925527481
13,225,199,4.936809763863488,-0.48810580943429355,5.139784201850052
95,219,204,4.923754950421859,-0.4681388070043096,5.119227484386359
98,217,198,3.506495705835586,0.44639213533907707,3.3497737188196517
82,226,198,3.4014083470713867,0.4723868304968911,3.234574459911869
91,217,197,3.399665696618021,0.3214493499834433,3.294542641154676
18,218,195,3.3419573797926416,-0.42485605676285926,3.526624451672124
8,224,199,3.256410905665167,0.5397883915727427,3.0624493591356035
96,201,196,3.2401823062837325,-0.155548536336697,3.3239079679287538
32,226,198,2.8883798942240517,0.5884183027505105,2.6763407225044453
92,227,201,2.8445969659985066,-0.12726958936304622,2.920596351305436
48,220,195,2.5418520838147174,-0.10999474837572196,2.61427970216663
43,226,200,2.462204938211421,0.6154073968959692,2.2421370608337448
23,221,198,2.39371859248598,0.4856656046565472,2.2296741828914106
33,215,179,2.332500281059465,0.32689059935629244,2.235200574662249
6,217,189,2.2724788986637714,0.6154176441364526,2.054387457168963
66,219,200,2.1980890418541668,0.46013226579388655,2.0473824457363765
34,223,194,2.129573406001991,0.6594080965384544,1.893919130012397
14,219,184,2.080552369479673,0.7632629657918037,1.7989788374038527
74,227,199,2.0747051214094183,0.3811376929283875,1.959023358136592
36,219,198,2.0025320914391003,0.5407430682922568,1.8205055184693393
93,227,193,1.8275957499311117,0.54781827695811,1.6456937970876322
46,226,199,1.7983700532037097,0.45004947422061914,1.6591871022520508
71,229,191,1.7621824788712592,0.6315186568336179,1.5446196692261869
25,224,200,1.6275825916554052,-0.27734439368060887,1.7768849467107373
10,224,197,1.3441813357250274,0.6640515970994211,1.1226085432071842
84,223,193,1.3352438232512929,0.6973068067325626,1.0982301946708648
37,226,193,1.3209097722144274,-0.007317461401720122,1.3807221257503297
49,222,200,1.2115779984655162,0.6863200634402556,0.9845221897047245
40,224,199,1.1905028195599134,0.2151915008514905,1.1705679038112582
41,223,201,1.1652536973571912,0.39389848985440373,1.0731135600279982
44,223,196,1.0683228134945388,0.5562281182439887,0.9104531434403451
1,226,201,1.0315079405148444,0.664209963995045,0.8247849077539984
22,209,200,0.9678866683340949,0.042910515735922465,1.0286941679870991
64,221,199,0.9616941267414587,0.5882825679293053,0.7967575102392648
78,220,197,0.9591974033819491,0.40894175930532367,0.875325665142872
90,223,198,0.9447868496366386,0.6993869563990475,0.7266415960166358
58,208,196,0.9416531089354105,0.7986046656468403,0.6711835597960772
73,227,198,0.9173179749059008,0.7542767849943733,0.6726196820079801
99,221,198,0.8844786090823142,0.6287138282117526,0.7070037364094877
2,225,198,0.880212444020027,0.5032996366981681,0.7622817837415519
7,219,198,0.8792376467889672,0.5937317991672881,0.7192617835439294
75,217,201,0.8769840169644877,0.2700582222158308,0.8586151124246453
42,226,203,0.8621931928382446,0.5695448975780423,0.7155179887549696
16,216,198,0.8579801329902906,0.7484224677971378,0.6214062025945797
69,231,197,0.855264181419956,0.2999929509400241,0.827106536268799
5,228,200,0.8509881574427848,0.2766999915223656,0.8326906673118596
27,218,198,0.8394732700265816,0.7231774038700883,0.618252115359841
97,210,201,0.8233827228037757,0.7411113809764363,0.5941570621503531
60,225,195,0.8129315242006,0.77335506212244,0.5669457390168217
28,225,204,0.8047556694697443,0.52758062520737,0.6843989783534111
30,216,199,0.79188969670886,0.4631865438266156,0.7022890678434898
72,220,195,0.7821221899717761,0.7062278952563499,0.5763614589877551
38,227,200,0.753058524857282,0.28590816204235475,0.7430445623460848
17,217,194,0.7444715005374379,0.6476302787923218,0.5743031955033955
83,224,201,0.7328660549331714,0.6809531792905433,0.5471842945909633
51,219,200,0.7108554246673364,0.7042516560590992,0.5161379002571089
20,211,194,0.7097342864529519,0.38359234214685267,0.6663692837759789
52,222,202,0.7039332610792963,0.33648045121412157,0.6808985977979758
3,230,155,0.6756680388830694,0.15312057470903126,0.7275510230309509
15,223,201,0.6526815804777747,0.7913658596787406,0.4178582484648783
77,227,203,0.643321672041876,0.7952789041030189,0.40781474626176
35,222,178,0.6377739657377757,0.7247920354029267,0.44491804384375416
55,219,192,0.6282534559966758,0.049871171006176045,0.7239584001631091
59,223,198,0.6202491381098366,0.8170510728080527,0.3754486921919601
12,226,198,0.6178502712559177,0.659255428750771,0.4648118558104623
54,213,198,0.6140482041244956,0.8570945635793841,0.3434903199433275
80,223,196,0.5970702268648578,0.5375812587861912,0.5085030009100906
29,224,200,0.5912098516596437,0.29815425545716,0.6043042326608546
67,229,200,0.5891522482167574,0.4735766929687072,0.5311495255110281
100,221,198,0.579511356159142,0.7386114813181232,0.392285420200737
62,202,182,0.5692744659726436,0.07351192207845575,0.6672574702168494
87,220,202,0.5511035692150267,0.8392478489930207,0.3077471395549328
53,218,198,0.5509457459953122,0.518656607630408,0.48297866303740533
76,209,200,0.538069060390337,-0.11990422541476287,0.7029652461111426
4,227,201,0.5375604086713874,0.6491046291196927,0.4112290774562833
0,223,195,0.4856808712266158,0.6814934560492217,0.3607051883404136
85,223,194,0.480147415022535,0.18065272708147334,0.562553770104144
56,221,197,0.47714915014724235,0.6549007945699123,0.36934542210971033
70,221,200,0.4710055716502036,0.6746056468358075,0.35561834229988015
31,224,200,0.47007584620182835,0.6205445768406259,0.3821353629610874
63,224,202,0.46575890108784945,0.62277711876657,0.3785154051448234
65,217,198,0.4639229833804609,0.14460289118145656,0.5626513954044873
19,223,197,0.46337857233389834,0.8881226796414919,0.21382679479074762
26,212,197,0.45229508631095994,0.6716143026525957,0.3466376676206903
89,224,202,0.45187220199524586,0.7607339189991728,0.29730630940038383
47,222,203,0.41265541150346646,0.8542391953167742,0.21821535279181684
21,209,200,0.37301905980613587,0.6018142099570003,0.3419856301368549
68,225,194,0.3572486039308791,0.3540121884670741,0.4270463821607127
24,222,201,0.3557602145524705,-0.049601611355937235,0.542604822662245
61,223,195,0.3446172842904192,0.39752856304338846,0.4065002996793375
101,220,204,0.319522131521424,0.820240525967428,0.22449226183011853
88,227,200,0.30289182081432875,0.7944363307817685,0.23850902269690927
11,221,200,0.29768050970491144,0.37325567931329323,0.3942218388254835
86,225,200,0.2862733713916842,0.7476709289343003,0.260701338317813
81,223,198,0.28592808763400085,0.16090038527910175,0.44682313121373324
